"Year","SatisService"
"1","2012",8
"2","2012",3
"3","2012",8
"4","2012",NA
"5","2012",5
"6","2012",6
"7","2012",5
"8","2012",1
"10","2012",5
"11","2012",9
"12","2012",4
"13","2012",3
"14","2012",4
"15","2012",3
"17","2012",8
"18","2012",-1
"19","2012",7
"20","2012",9
"21","2012",8
"22","2012",6
"23","2012",5
"24","2012",6
"25","2012",8
"26","2012",-1
"27","2012",7
"28","2012",5
"29","2012",5
"30","2012",7
"31","2012",6
"32","2012",7
"33","2012",6
"34","2012",4
"35","2012",8
"36","2012",7
"37","2012",2
"38","2012",7
"39","2012",7
"40","2012",6
"41","2012",-1
"42","2012",3
"43","2012",7
"44","2012",-1
"45","2012",8
"46","2012",0
"47","2012",5
"48","2012",4
"49","2012",2
"50","2012",8
"51","2012",3
"52","2012",8
"53","2012",7
"54","2012",3
"55","2012",3
"56","2012",6
"57","2012",3
"58","2012",10
"59","2012",4
"60","2012",5
"61","2012",6
"62","2012",10
"63","2012",6
"64","2012",5
"66","2012",-1
"67","2012",8
"69","2012",6
"70","2012",8
"71","2012",9
"72","2012",0
"73","2012",5
"74","2012",8
"75","2012",2
"76","2012",5
"77","2012",7
"78","2012",-1
"79","2012",7
"80","2012",-1
"81","2012",-1
"82","2012",5
"83","2012",5
"84","2012",8
"85","2012",9
"86","2012",7
"87","2012",-1
"88","2012",3
"89","2012",9
"90","2012",7
"91","2012",5
"92","2012",5
"93","2012",4
"94","2012",6
"95","2012",10
"96","2012",8
"97","2012",-1
"98","2012",7
"99","2012",8
"100","2012",3
"101","2012",8
"102","2012",7
"103","2012",7
"104","2012",7
"105","2012",9
"106","2012",3
"107","2012",8
"108","2012",1
"109","2012",4
"110","2012",2
"111","2012",-1
"112","2012",7
"113","2012",8
"114","2012",7
"115","2012",4
"116","2012",8
"117","2012",NA
"118","2012",7
"119","2012",7
"120","2012",5
"121","2012",7
"122","2012",4
"123","2012",2
"124","2012",NA
"125","2012",4
"126","2012",6
"128","2012",-1
"129","2012",8
"130","2012",3
"131","2012",8
"132","2012",NA
"133","2012",7
"134","2012",8
"135","2012",7
"136","2012",8
"137","2012",0
"138","2012",5
"139","2012",9
"140","2012",9
"141","2012",5
"142","2012",4
"143","2012",0
"144","2012",5
"145","2012",4
"146","2012",7
"147","2012",8
"148","2012",8
"149","2012",4
"150","2012",5
"151","2012",9
"152","2012",NA
"153","2012",-1
"154","2012",8
"155","2012",-1
"156","2012",6
"157","2012",6
"159","2012",4
"160","2012",6
"161","2012",4
"162","2012",8
"163","2012",7
"164","2012",7
"165","2012",8
"166","2012",7
"167","2012",-1
"168","2012",5
"170","2012",4
"171","2012",2
"172","2012",NA
"173","2012",5
"174","2012",-1
"175","2012",6
"176","2012",0
"177","2012",-1
"178","2012",9
"179","2012",7
"180","2012",-1
"181","2012",5
"182","2012",6
"183","2012",8
"184","2012",8
"185","2012",7
"186","2012",6
"187","2012",7
"188","2012",-1
"189","2012",5
"190","2012",9
"191","2012",8
"192","2012",-1
"193","2012",10
"194","2012",7
"195","2012",7
"196","2012",4
"197","2012",6
"198","2012",6
"199","2012",-1
"200","2012",7
"201","2012",3
"202","2012",5
"203","2012",10
"204","2012",6
"205","2012",6
"206","2012",-1
"207","2012",-1
"208","2012",5
"210","2012",9
"211","2012",7
"212","2012",7
"213","2012",8
"214","2012",-1
"215","2012",5
"216","2012",2
"217","2012",6
"218","2012",5
"219","2012",6
"220","2012",-1
"221","2012",8
"222","2012",5
"223","2012",10
"224","2012",6
"225","2012",8
"226","2012",7
"227","2012",6
"228","2012",8
"229","2012",NA
"230","2012",10
"231","2012",7
"232","2012",4
"233","2012",0
"234","2012",-1
"235","2012",6
"236","2012",7
"237","2012",6
"238","2012",7
"239","2012",5
"241","2012",0
"242","2012",6
"243","2012",NA
"244","2012",6
"245","2012",7
"246","2012",6
"247","2012",7
"248","2012",4
"249","2012",3
"250","2012",10
"251","2012",4
"252","2012",0
"253","2012",1
"254","2012",7
"255","2012",8
"256","2012",4
"257","2012",6
"258","2012",1
"259","2012",6
"260","2012",-1
"261","2012",9
"262","2012",10
"263","2012",8
"264","2012",7
"265","2012",3
"266","2012",5
"267","2012",6
"268","2012",6
"269","2012",3
"270","2012",8
"271","2012",7
"272","2012",7
"273","2012",8
"274","2012",5
"275","2012",6
"276","2012",8
"277","2012",6
"278","2012",5
"279","2012",7
"280","2012",7
"281","2012",NA
"282","2012",6
"283","2012",5
"284","2012",NA
"285","2012",6
"286","2012",7
"287","2012",8
"288","2012",7
"289","2012",10
"290","2012",6
"291","2012",8
"292","2012",2
"293","2012",3
"294","2012",8
"295","2012",8
"296","2012",5
"297","2012",5
"298","2012",6
"299","2012",6
"300","2012",8
"301","2012",8
"302","2012",4
"303","2012",4
"304","2012",NA
"305","2012",6
"306","2012",7
"307","2012",7
"308","2012",0
"309","2012",5
"310","2012",8
"311","2012",6
"312","2012",7
"313","2012",7
"314","2012",8
"315","2012",7
"316","2012",NA
"317","2012",7
"318","2012",8
"319","2012",8
"320","2012",3
"321","2012",-1
"322","2012",6
"323","2012",7
"324","2012",9
"325","2012",6
"326","2012",5
"327","2012",5
"329","2012",6
"330","2012",6
"331","2012",8
"332","2012",4
"333","2012",5
"334","2012",7
"335","2012",8
"336","2012",-1
"337","2012",5
"338","2012",6
"339","2012",-1
"340","2012",4
"341","2012",4
"342","2012",5
"343","2012",8
"344","2012",9
"345","2012",5
"346","2012",4
"348","2012",8
"349","2012",3
"350","2012",2
"351","2012",3
"352","2012",9
"353","2012",5
"354","2012",6
"355","2012",8
"356","2012",8
"357","2012",8
"358","2012",NA
"359","2012",7
"360","2012",6
"361","2012",4
"362","2012",8
"363","2012",5
"364","2012",7
"365","2012",8
"366","2012",8
"367","2012",-1
"368","2012",10
"369","2012",-1
"370","2012",5
"371","2012",7
"372","2012",5
"373","2012",0
"374","2012",3
"375","2012",5
"376","2012",8
"377","2012",7
"378","2012",7
"379","2012",6
"381","2012",8
"382","2012",10
"383","2012",8
"384","2012",8
"385","2012",-1
"386","2012",NA
"387","2012",0
"388","2012",8
"389","2012",5
"390","2012",9
"391","2012",5
"392","2012",8
"393","2012",5
"394","2012",4
"395","2012",7
"396","2012",5
"397","2012",4
"398","2012",NA
"399","2012",3
"400","2012",7
"401","2012",5
"402","2012",9
"403","2012",7
"404","2012",6
"405","2012",4
"406","2012",7
"407","2012",-1
"408","2012",7
"409","2012",9
"410","2012",-1
"411","2012",9
"412","2012",8
"413","2012",5
"414","2012",9
"415","2012",7
"416","2012",10
"417","2012",6
"418","2012",8
"419","2012",5
"420","2012",7
"421","2012",-1
"422","2012",-1
"424","2012",NA
"425","2012",5
"426","2012",8
"427","2012",7
"428","2012",8
"429","2012",9
"430","2012",3
"431","2012",2
"432","2012",10
"433","2012",8
"434","2012",3
"435","2012",10
"436","2012",6
"437","2012",4
"438","2012",8
"439","2012",6
"440","2012",2
"442","2012",3
"443","2012",-1
"444","2012",8
"445","2012",6
"446","2012",2
"447","2012",7
"448","2012",4
"449","2012",8
"450","2012",-1
"451","2012",8
"452","2012",5
"453","2012",9
"454","2012",6
"455","2012",2
"456","2012",0
"457","2012",3
"458","2012",7
"459","2012",NA
"460","2012",NA
"461","2012",-1
"462","2012",9
"463","2012",7
"464","2012",5
"465","2012",-1
"466","2012",6
"467","2012",6
"468","2012",5
"469","2012",8
"470","2012",6
"471","2012",-1
"472","2012",5
"474","2012",8
"475","2012",9
"476","2012",6
"478","2012",5
"479","2012",7
"480","2012",7
"481","2012",8
"482","2012",7
"483","2012",7
"484","2012",6
"485","2012",2
"486","2012",-1
"487","2012",5
"488","2012",NA
"489","2012",4
"490","2012",5
"491","2012",4
"492","2012",-1
"493","2012",-1
"494","2012",9
"495","2012",6
"496","2012",8
"497","2012",5
"498","2012",8
"499","2012",NA
"500","2012",6
"501","2012",2
"502","2012",-1
"503","2012",3
"504","2012",-1
"505","2012",4
"506","2012",5
"507","2012",7
"508","2012",9
"509","2012",3
"510","2012",8
"511","2012",9
"512","2012",-1
"513","2012",7
"514","2012",7
"515","2012",3
"516","2012",9
"517","2012",8
"518","2012",-1
"519","2012",7
"520","2012",NA
"521","2012",8
"522","2012",4
"523","2012",7
"524","2012",3
"525","2012",9
"526","2012",2
"528","2012",8
"529","2012",8
"530","2012",8
"531","2012",NA
"532","2012",3
"533","2012",5
"534","2012",0
"535","2012",8
"536","2012",7
"537","2012",3
"538","2012",6
"539","2012",7
"540","2012",3
"541","2012",-1
"542","2012",4
"543","2012",6
"544","2012",6
"545","2012",3
"546","2012",10
"547","2012",3
"548","2012",3
"549","2012",7
"550","2012",0
"551","2012",8
"552","2012",2
"553","2012",7
"554","2012",7
"555","2012",5
"556","2012",8
"557","2012",6
"558","2012",-1
"559","2012",8
"560","2012",-1
"561","2012",-1
"562","2012",5
"563","2012",3
"564","2012",8
"565","2012",8
"566","2012",4
"567","2012",7
"568","2012",-1
"569","2012",0
"570","2012",5
"571","2012",-1
"572","2012",5
"573","2012",7
"574","2012",4
"575","2012",8
"576","2012",9
"577","2012",7
"578","2012",NA
"579","2012",-1
"580","2012",-1
"581","2012",7
"582","2012",6
"583","2012",7
"584","2012",NA
"585","2012",8
"586","2012",5
"587","2012",6
"588","2012",8
"589","2012",4
"590","2012",8
"591","2012",NA
"592","2012",6
"593","2012",5
"594","2012",6
"595","2012",7
"596","2012",-1
"597","2012",3
"598","2012",3
"599","2012",6
"600","2012",5
"601","2012",8
"602","2012",6
"603","2012",-1
"604","2012",7
"605","2012",NA
"606","2012",6
"607","2012",8
"608","2012",5
"609","2012",8
"610","2012",5
"611","2012",9
"612","2012",7
"613","2012",5
"614","2012",8
"615","2012",5
"616","2012",10
"619","2012",4
"620","2012",0
"621","2012",8
"622","2012",7
"623","2012",-1
"624","2012",8
"625","2012",6
"626","2012",-1
"627","2012",8
"628","2012",8
"629","2012",8
"630","2012",8
"631","2012",-1
"632","2012",4
"633","2012",-1
"634","2012",6
"635","2012",7
"636","2012",9
"637","2012",7
"638","2012",5
"639","2012",6
"640","2012",5
"641","2012",NA
"642","2012",7
"643","2012",8
"644","2012",7
"645","2012",8
"646","2012",6
"647","2012",-1
"648","2012",4
"649","2012",5
"650","2012",5
"651","2012",8
"652","2012",8
"653","2012",7
"654","2012",9
"655","2012",7
"656","2012",3
"657","2012",NA
"658","2012",7
"659","2012",3
"660","2012",9
"661","2012",6
"662","2012",-1
"663","2012",6
"664","2012",7
"665","2012",9
"667","2012",7
"668","2012",5
"669","2012",8
"670","2012",-1
"671","2012",6
"672","2012",8
"673","2012",5
"674","2012",8
"675","2012",6
"676","2012",4
"677","2012",8
"679","2012",8
"680","2012",6
"681","2012",-1
"682","2012",-1
"683","2012",7
"684","2012",8
"685","2012",6
"686","2012",8
"687","2012",NA
"688","2012",8
"689","2012",8
"690","2012",-1
"691","2012",7
"692","2012",6
"693","2012",NA
"694","2012",7
"695","2012",8
"696","2012",6
"697","2012",2
"698","2012",-1
"699","2012",6
"701","2012",6
"702","2012",8
"703","2012",7
"704","2012",5
"705","2012",0
"706","2012",5
"707","2012",7
"708","2012",-1
"709","2012",-1
"710","2012",6
"711","2012",7
"712","2012",8
"713","2012",8
"714","2012",-1
"715","2012",NA
"716","2012",5
"717","2012",-1
"718","2012",-1
"719","2012",8
"720","2012",7
"721","2012",8
"722","2012",3
"723","2012",8
"724","2012",9
"725","2012",3
"726","2012",8
"727","2012",4
"728","2012",-1
"729","2012",8
"730","2012",4
"731","2012",8
"732","2012",5
"733","2012",8
"734","2012",7
"735","2012",-1
"736","2012",-1
"737","2012",0
"738","2012",8
"739","2012",7
"740","2012",7
"741","2012",7
"742","2012",8
"743","2012",3
"744","2012",NA
"745","2012",6
"746","2012",7
"747","2012",8
"748","2012",-1
"749","2012",8
"750","2012",7
"751","2012",5
"752","2012",8
"753","2012",-1
"754","2012",-1
"755","2012",4
"756","2012",2
"757","2012",7
"758","2012",7
"759","2012",8
"760","2012",3
"761","2012",-1
"762","2012",3
"763","2012",7
"764","2012",7
"765","2012",7
"766","2012",8
"767","2012",10
"768","2012",4
"769","2012",8
"770","2012",7
"771","2012",9
"772","2012",-1
"773","2012",-1
"774","2012",8
"775","2012",5
"776","2012",7
"777","2012",8
"778","2012",8
"779","2012",3
"780","2012",7
"782","2012",-1
"783","2012",8
"784","2012",-1
"785","2012",7
"786","2012",8
"787","2012",8
"788","2012",-1
"789","2012",8
"790","2012",8
"791","2012",-1
"792","2012",6
"793","2012",5
"794","2012",8
"795","2012",5
"796","2012",7
"797","2012",-1
"798","2012",8
"799","2012",7
"800","2012",5
"801","2012",7
"802","2012",6
"803","2012",5
"805","2012",2
"806","2012",4
"807","2012",7
"808","2012",NA
"809","2012",8
"810","2012",6
"811","2012",7
"812","2012",8
"813","2012",6
"814","2012",7
"815","2012",9
"816","2012",6
"817","2012",1
"818","2012",NA
"819","2012",7
"820","2012",7
"821","2012",5
"822","2012",9
"823","2012",2
"824","2012",7
"825","2012",1
"826","2012",10
"827","2012",8
"828","2012",8
"829","2012",8
"830","2012",9
"831","2012",9
"832","2012",10
"833","2012",-1
"834","2012",8
"835","2012",8
"836","2012",8
"837","2012",6
"838","2012",8
"839","2012",7
"840","2012",3
"841","2012",8
"842","2012",-1
"843","2012",6
"844","2012",5
"845","2012",7
"846","2012",2
"848","2012",7
"849","2012",8
"850","2012",-1
"851","2012",7
"852","2012",8
"853","2012",-1
"854","2012",6
"855","2012",9
"856","2012",6
"857","2012",5
"858","2012",5
"859","2012",7
"860","2012",7
"861","2012",7
"862","2012",8
"863","2012",8
"864","2012",6
"865","2012",7
"866","2012",6
"867","2012",8
"868","2012",8
"869","2012",-1
"870","2012",5
"871","2012",-1
"872","2012",7
"873","2012",5
"874","2012",-1
"875","2012",-1
"876","2012",9
"877","2012",7
"878","2012",6
"879","2012",7
"880","2012",6
"881","2012",5
"882","2012",8
"883","2012",8
"884","2012",6
"885","2012",-1
"886","2012",8
"887","2012",6
"888","2012",7
"889","2012",4
"890","2012",0
"892","2012",-1
"893","2012",-1
"894","2012",5
"895","2012",7
"896","2012",8
"897","2012",5
"898","2012",2
"899","2012",7
"900","2012",7
"901","2012",2
"902","2012",9
"903","2012",8
"904","2012",5
"905","2012",9
"906","2012",8
"907","2012",7
"908","2012",8
"909","2012",4
"910","2012",4
"911","2012",5
"912","2012",8
"914","2012",-1
"915","2012",2
"916","2012",3
"917","2012",7
"918","2012",7
"919","2012",-1
"920","2012",4
"921","2012",7
"922","2012",NA
"923","2012",4
"924","2012",5
"925","2012",-1
"926","2012",3
"928","2012",5
"929","2012",7
"930","2012",6
"931","2012",2
"932","2012",8
"933","2012",-1
"934","2012",-1
"935","2012",7
"937","2012",-1
"938","2012",-1
"939","2012",8
"940","2012",8
"941","2012",3
"942","2012",8
"943","2012",5
"944","2012",5
"945","2012",6
"946","2012",3
"947","2012",7
"948","2012",NA
"949","2012",7
"950","2012",7
"951","2012",6
"952","2012",6
"953","2012",9
"954","2012",7
"955","2012",4
"956","2012",6
"957","2012",10
"958","2012",6
"959","2012",-1
"960","2012",6
"961","2012",7
"962","2012",5
"963","2012",8
"964","2012",7
"965","2012",8
"966","2012",NA
"967","2012",6
"968","2012",7
"969","2012",3
"970","2012",3
"971","2012",7
"972","2012",5
"973","2012",7
"974","2012",8
"975","2012",8
"976","2012",7
"977","2012",7
"978","2012",7
"979","2012",8
"980","2012",NA
"981","2012",10
"982","2012",6
"983","2012",-1
"986","2012",7
"987","2012",8
"988","2012",0
"989","2012",-1
"990","2012",-1
"991","2012",4
"992","2012",-1
"993","2012",-1
"994","2012",6
"995","2012",6
"996","2012",-1
"997","2012",5
"998","2012",1
"999","2012",5
"1000","2012",4
"1001","2012",6
"1002","2012",10
"1003","2012",NA
"1004","2012",-1
"1005","2012",8
"1006","2012",6
"1007","2012",0
"1008","2012",-1
"1009","2012",7
"1010","2012",7
"1011","2012",NA
"1012","2012",8
"1013","2012",4
"1014","2012",4
"1015","2012",-1
"1016","2012",-1
"1017","2012",6
"1018","2012",5
"1019","2012",7
"1020","2012",7
"1021","2012",8
"1022","2012",5
"1023","2012",-1
"1024","2012",7
"1025","2012",8
"1026","2012",7
"1027","2012",8
"1028","2012",8
"1029","2012",2
"1030","2012",-1
"1031","2012",5
"1032","2012",7
"1033","2012",8
"1034","2012",3
"1035","2012",8
"1036","2012",NA
"1037","2012",5
"1038","2012",7
"1039","2012",5
"1040","2012",8
"1041","2012",7
"1042","2012",9
"1043","2012",-1
"1044","2012",7
"1045","2012",2
"1046","2012",8
"1047","2012",8
"1048","2012",9
"1049","2012",-1
"1050","2012",-1
"1051","2012",8
"1052","2012",8
"1053","2012",6
"1054","2012",NA
"1055","2012",3
"1056","2012",4
"1057","2012",7
"1058","2012",10
"1059","2012",5
"1060","2012",7
"1062","2012",NA
"1063","2012",6
"1064","2012",6
"1065","2012",9
"1066","2012",7
"1067","2012",8
"1068","2012",6
"1069","2012",7
"1070","2012",6
"1071","2012",-1
"1072","2012",8
"1073","2012",8
"1074","2012",5
"1075","2012",7
"1076","2012",NA
"1077","2012",6
"1078","2012",7
"1079","2012",10
"1080","2012",NA
"1081","2012",4
"1082","2012",5
"1083","2012",7
"1084","2012",7
"1085","2012",7
"1086","2012",7
"1087","2012",2
"1088","2012",-1
"1089","2012",-1
"1090","2012",6
"1091","2012",8
"1092","2012",8
"1093","2012",-1
"1094","2012",-1
"1095","2012",4
"1096","2012",5
"1097","2012",NA
"1098","2012",7
"1099","2012",-1
"1100","2012",7
"1101","2012",5
"1102","2012",NA
"1103","2012",4
"1104","2012",8
"1105","2012",7
"1106","2012",2
"1107","2012",7
"1108","2012",6
"1109","2012",3
"1110","2012",7
"1111","2012",5
"1112","2012",3
"1113","2012",5
"1114","2012",5
"1115","2012",10
"1116","2012",8
"1117","2012",6
"1118","2012",2
"1119","2012",4
"1120","2012",6
"1121","2012",6
"1122","2012",5
"1123","2012",8
"1124","2012",5
"1125","2012",NA
"1126","2012",7
"1127","2012",6
"1128","2012",-1
"1129","2012",-1
"1130","2012",5
"1131","2012",10
"1132","2012",0
"1133","2012",NA
"1134","2012",7
"1135","2012",-1
"1136","2012",5
"1137","2012",5
"1138","2012",7
"1139","2012",5
"1140","2012",6
"1141","2012",5
"1142","2012",5
"1143","2012",4
"1144","2012",-1
"1145","2012",7
"1146","2012",8
"1147","2012",5
"1148","2012",3
"1149","2012",1
"1150","2012",-1
"1151","2012",9
"1152","2012",-1
"1153","2012",5
"1154","2012",7
"1155","2012",6
"1156","2012",NA
"1157","2012",7
"1158","2012",8
"1159","2012",5
"1160","2012",NA
"1161","2012",7
"1162","2012",7
"1163","2012",-1
"1164","2012",6
"1165","2012",8
"1166","2012",7
"1167","2012",3
"1168","2012",-1
"1169","2012",5
"1170","2012",9
"1171","2012",9
"1172","2012",6
"1173","2012",7
"1174","2012",5
"1175","2012",-1
"1176","2012",-1
"1177","2012",7
"1178","2012",4
"1179","2012",6
"1180","2012",-1
"1181","2012",9
"1182","2012",8
"1183","2012",-1
"1184","2012",4
"1185","2012",6
"1186","2012",7
"1187","2012",8
"1188","2012",4
"1189","2012",NA
"1190","2012",4
"1191","2012",6
"1192","2012",5
"1193","2012",4
"1194","2012",6
"1195","2012",6
"1196","2012",9
"1197","2012",-1
"1198","2012",1
"1199","2012",8
"1200","2012",5
"1201","2012",8
"1202","2012",6
"1203","2012",5
"1204","2012",-1
"1205","2012",8
"1206","2012",7
"1207","2012",-1
"1208","2012",8
"1209","2012",5
"1210","2012",9
"1211","2012",5
"1212","2012",7
"1213","2012",7
"1214","2012",8
"1215","2012",5
"1216","2012",9
"1217","2012",2
"1218","2012",7
"1219","2012",8
"1220","2012",-1
"1221","2012",4
"1222","2012",5
"1223","2012",7
"1224","2012",7
"1225","2012",5
"1226","2012",-1
"1227","2012",NA
"1228","2012",9
"1229","2012",7
"1230","2012",-1
"1231","2012",9
"1232","2012",7
"1233","2012",5
"1235","2012",8
"1236","2012",1
"1237","2012",10
"1238","2012",7
"1239","2012",NA
"1240","2012",8
"1241","2012",7
"1242","2012",8
"1243","2012",5
"1244","2012",8
"1245","2012",7
"1246","2012",-1
"1247","2012",8
"1248","2012",9
"1249","2012",6
"1250","2012",5
"1251","2012",4
"1252","2012",-1
"1253","2012",5
"1254","2012",-1
"1255","2012",5
"1256","2012",5
"1257","2012",8
"1258","2012",3
"1259","2012",2
"1260","2012",8
"1261","2012",8
"1262","2012",7
"1263","2012",7
"1264","2012",4
"1265","2012",-1
"1266","2012",7
"1267","2012",7
"1268","2012",6
"1269","2012",4
"1270","2012",5
"1271","2012",8
"1272","2012",5
"1273","2012",8
"1275","2012",-1
"1276","2012",7
"1277","2012",-1
"1278","2012",-1
"1279","2012",-1
"1280","2012",9
"1281","2012",7
"1283","2012",6
"1284","2012",8
"1285","2012",6
"1286","2012",6
"1287","2012",7
"1288","2012",1
"1289","2012",6
"1290","2012",-1
"1291","2012",4
"1292","2012",7
"1293","2012",5
"1294","2012",8
"1296","2012",5
"1297","2012",-1
"1298","2012",8
"1326","2013",8
"2100","2013",9
"380","2013",5
"4100","2013",8
"5100","2013",7
"6100","2013",NA
"7100","2013",5
"8100","2013",8
"9","2013",8
"10100","2013",2
"11100","2013",-1
"12100","2013",6
"1354","2013",8
"1436","2013",10
"1510","2013",8
"16","2013",8
"1710","2013",0
"1810","2013",6
"1910","2013",8
"2010","2013",7
"2110","2013",3
"2210","2013",2
"2310","2013",8
"2410","2013",5
"2510","2013",7
"2610","2013",8
"27100","2013",6
"28100","2013",8
"29100","2013",-1
"30100","2013",5
"31100","2013",9
"32100","2013",5
"33100","2013",6
"34100","2013",7
"35100","2013",6
"36100","2013",6
"37100","2013",8
"38100","2013",6
"39100","2013",-1
"4010","2013",4
"4110","2013",6
"4210","2013",7
"4310","2013",10
"4410","2013",6
"4510","2013",-1
"4610","2013",6
"4710","2013",7
"4810","2013",9
"4910","2013",-1
"5110","2013",8
"5310","2013",6
"5410","2013",9
"5510","2013",2
"5610","2013",5
"5710","2013",7
"5810","2013",4
"5910","2013",7
"6010","2013",8
"6110","2013",NA
"6210","2013",10
"6310","2013",6
"6410","2013",7
"65","2013",9
"6610","2013",7
"6710","2013",7
"68","2013",6
"6910","2013",6
"7010","2013",-1
"7110","2013",6
"7210","2013",7
"7310","2013",8
"7410","2013",5
"7510","2013",6
"7610","2013",9
"7710","2013",6
"7810","2013",8
"8010","2013",6
"8110","2013",5
"8210","2013",7
"8310","2013",7
"8410","2013",8
"8510","2013",7
"8610","2013",0
"8710","2013",9
"8810","2013",6
"8910","2013",8
"9010","2013",5
"9110","2013",5
"9210","2013",6
"9310","2013",7
"9410","2013",8
"9510","2013",-1
"9610","2013",7
"9710","2013",4
"9810","2013",8
"9910","2013",5
"10010","2013",6
"10110","2013",8
"10210","2013",5
"10310","2013",-1
"10410","2013",8
"10510","2013",8
"10610","2013",5
"10710","2013",7
"10810","2013",7
"10910","2013",5
"11010","2013",5
"11110","2013",8
"11210","2013",6
"11310","2013",8
"11410","2013",8
"11510","2013",6
"11610","2013",8
"11710","2013",4
"11810","2013",5
"11910","2013",1
"12010","2013",6
"12110","2013",0
"12210","2013",NA
"12310","2013",NA
"12410","2013",6
"12510","2013",7
"12610","2013",4
"127","2013",4
"12810","2013",5
"12910","2013",-1
"13010","2013",9
"13110","2013",6
"13210","2013",3
"13310","2013",7
"13410","2013",6
"13510","2013",6
"1363","2013",5
"1376","2013",8
"13810","2013",8
"13910","2013",3
"1407","2013",8
"14110","2013",8
"14210","2013",8
"14310","2013",2
"14410","2013",6
"1452","2013",8
"14610","2013",7
"14710","2013",7
"1481","2013",7
"1491","2013",4
"1501","2013",NA
"1511","2013",-1
"1521","2013",4
"1531","2013",4
"1541","2013",7
"1551","2013",7
"1561","2013",7
"1571","2013",6
"158","2013",5
"1591","2013",9
"1601","2013",-1
"1611","2013",10
"1631","2013",5
"1641","2013",4
"1651","2013",9
"1671","2013",5
"1681","2013",6
"169","2013",4
"1701","2013",8
"1711","2013",3
"1721","2013",8
"1731","2013",5
"1741","2013",7
"1751","2013",7
"1761","2013",7
"1771","2013",3
"1781","2013",7
"1791","2013",4
"1801","2013",-1
"1811","2013",1
"1821","2013",7
"1831","2013",6
"1841","2013",8
"1851","2013",3
"1861","2013",3
"1871","2013",8
"1881","2013",7
"1891","2013",5
"1901","2013",5
"1911","2013",-1
"1921","2013",8
"1931","2013",8
"1941","2013",7
"1951","2013",3
"1961","2013",4
"1971","2013",NA
"1981","2013",8
"1991","2013",8
"2001","2013",8
"2011","2013",8
"2021","2013",7
"2031","2013",3
"2041","2013",-1
"2051","2013",8
"2061","2013",9
"2071","2013",5
"2081","2013",6
"209","2013",-1
"2101","2013",1
"2111","2013",NA
"2121","2013",8
"2131","2013",10
"2141","2013",7
"2151","2013",4
"2161","2013",8
"2171","2013",2
"2181","2013",-1
"2191","2013",-1
"2201","2013",5
"2211","2013",-1
"2221","2013",5
"2231","2013",5
"2241","2013",7
"2251","2013",7
"2261","2013",NA
"2271","2013",9
"2281","2013",9
"2291","2013",8
"2301","2013",NA
"2311","2013",5
"2321","2013",10
"2331","2013",7
"2341","2013",9
"2351","2013",8
"2361","2013",8
"2371","2013",5
"2381","2013",7
"2391","2013",7
"240","2013",8
"2411","2013",7
"2421","2013",8
"2431","2013",-1
"2441","2013",NA
"2451","2013",0
"2461","2013",6
"2471","2013",2
"2481","2013",NA
"2491","2013",8
"2501","2013",7
"2511","2013",0
"2521","2013",5
"2531","2013",1
"2541","2013",1
"2551","2013",7
"2561","2013",6
"2571","2013",4
"2601","2013",5
"2611","2013",5
"2621","2013",6
"2631","2013",7
"2641","2013",7
"2651","2013",7
"2661","2013",9
"2671","2013",5
"2681","2013",5
"26910","2013",6
"27010","2013",7
"27110","2013",10
"27210","2013",7
"27310","2013",8
"27410","2013",7
"27510","2013",8
"27610","2013",7
"27710","2013",-1
"27810","2013",-1
"27910","2013",6
"28010","2013",8
"28110","2013",7
"28210","2013",0
"28310","2013",7
"28410","2013",10
"28510","2013",5
"28610","2013",NA
"28710","2013",4
"28810","2013",7
"28910","2013",8
"29010","2013",9
"29110","2013",3
"29210","2013",9
"29410","2013",NA
"29510","2013",4
"29610","2013",7
"29810","2013",8
"29910","2013",-1
"32010","2013",4
"32110","2013",4
"32210","2013",5
"32310","2013",5
"32410","2013",9
"32510","2013",0
"32610","2013",7
"32710","2013",-1
"328","2013",3
"32910","2013",3
"33010","2013",3
"33110","2013",5
"33210","2013",6
"33310","2013",6
"33410","2013",8
"33510","2013",5
"33610","2013",7
"33710","2013",7
"33810","2013",5
"33910","2013",7
"34010","2013",-1
"34110","2013",10
"34210","2013",6
"34310","2013",7
"34410","2013",7
"34510","2013",5
"34610","2013",1
"347","2013",8
"34810","2013",7
"34910","2013",5
"35010","2013",7
"35110","2013",8
"35210","2013",5
"35310","2013",5
"35410","2013",6
"35510","2013",5
"35610","2013",-1
"35710","2013",7
"35910","2013",5
"36010","2013",7
"36110","2013",5
"36210","2013",5
"36310","2013",8
"36410","2013",5
"36510","2013",8
"36610","2013",NA
"36710","2013",5
"36810","2013",-1
"36910","2013",7
"37010","2013",6
"37110","2013",5
"37210","2013",5
"37310","2013",5
"37410","2013",7
"37510","2013",6
"37610","2013",6
"37710","2013",-1
"37810","2013",9
"37910","2013",-1
"38110","2013",10
"38210","2013",8
"38310","2013",3
"38410","2013",6
"38510","2013",6
"38610","2013",10
"38710","2013",-1
"38810","2013",5
"38910","2013",8
"39010","2013",6
"39110","2013",7
"39210","2013",5
"39310","2013",7
"39410","2013",7
"39510","2013",3
"39610","2013",7
"39710","2013",4
"39810","2013",-1
"39910","2013",10
"4004","2013",7
"4011","2013",9
"4021","2013",10
"4031","2013",-1
"4041","2013",7
"4051","2013",-1
"4061","2013",8
"4071","2013",8
"4081","2013",8
"4091","2013",5
"4101","2013",5
"4111","2013",-1
"4121","2013",10
"4131","2013",6
"4141","2013",5
"4151","2013",6
"4161","2013",6
"4171","2013",8
"4181","2013",-1
"4191","2013",-1
"4201","2013",9
"4211","2013",6
"4221","2013",8
"423","2013",8
"4241","2013",8
"4251","2013",8
"4261","2013",7
"4271","2013",-1
"4281","2013",-1
"4291","2013",5
"4301","2013",6
"4311","2013",9
"4321","2013",-1
"4331","2013",7
"4341","2013",3
"4351","2013",2
"4361","2013",7
"4371","2013",6
"4381","2013",6
"4391","2013",8
"4401","2013",-1
"441","2013",8
"4421","2013",4
"4431","2013",-1
"4441","2013",7
"4451","2013",8
"4461","2013",8
"4471","2013",7
"4481","2013",2
"4491","2013",9
"4501","2013",7
"4511","2013",-1
"4521","2013",7
"4531","2013",8
"4541","2013",5
"4551","2013",7
"4561","2013",3
"4571","2013",-1
"4581","2013",2
"4591","2013",8
"4601","2013",7
"4611","2013",-1
"4621","2013",3
"4631","2013",4
"4641","2013",6
"4651","2013",8
"4661","2013",7
"4671","2013",8
"4681","2013",8
"4691","2013",4
"4701","2013",3
"4711","2013",8
"4721","2013",3
"473","2013",5
"4741","2013",9
"4751","2013",6
"4761","2013",6
"477","2013",7
"4781","2013",9
"4791","2013",7
"4801","2013",5
"4811","2013",8
"4821","2013",8
"4831","2013",3
"4841","2013",6
"4851","2013",2
"4861","2013",-1
"4871","2013",6
"4881","2013",7
"4891","2013",6
"4901","2013",6
"4911","2013",5
"4921","2013",-1
"4931","2013",8
"4941","2013",8
"4951","2013",7
"4961","2013",4
"4971","2013",7
"4981","2013",7
"4991","2013",7
"5001","2013",1
"5011","2013",7
"5021","2013",8
"5031","2013",8
"5041","2013",9
"5051","2013",6
"5061","2013",7
"5071","2013",-1
"5081","2013",6
"5091","2013",8
"5101","2013",7
"5111","2013",8
"5121","2013",5
"5131","2013",9
"5141","2013",-1
"5151","2013",8
"5161","2013",9
"5171","2013",6
"5181","2013",3
"5191","2013",8
"5201","2013",8
"5211","2013",6
"5221","2013",-1
"5231","2013",2
"5241","2013",8
"5251","2013",7
"5261","2013",4
"527","2013",5
"5281","2013",4
"5301","2013",4
"5311","2013",4
"5321","2013",8
"5331","2013",6
"5341","2013",5
"5351","2013",8
"5361","2013",5
"5371","2013",7
"5381","2013",-1
"5391","2013",7
"5401","2013",8
"5411","2013",8
"5421","2013",8
"5431","2013",7
"5441","2013",5
"5461","2013",7
"5471","2013",6
"5481","2013",5
"5491","2013",7
"5501","2013",7
"5511","2013",9
"5521","2013",7
"5531","2013",6
"5541","2013",5
"5551","2013",8
"5561","2013",-1
"5571","2013",5
"5581","2013",4
"5591","2013",5
"5601","2013",8
"5611","2013",7
"5621","2013",7
"5631","2013",3
"5641","2013",6
"5651","2013",-1
"5661","2013",-1
"5671","2013",8
"5681","2013",7
"5691","2013",8
"5701","2013",7
"5711","2013",6
"5721","2013",5
"5731","2013",6
"5741","2013",8
"5751","2013",5
"5761","2013",2
"5771","2013",6
"5781","2013",8
"5791","2013",-1
"5801","2013",4
"5811","2013",7
"5821","2013",-1
"5831","2013",5
"5841","2013",4
"5851","2013",7
"5861","2013",3
"5871","2013",8
"5881","2013",7
"5891","2013",8
"5901","2013",5
"5911","2013",8
"5921","2013",5
"5931","2013",6
"5941","2013",7
"5951","2013",0
"5961","2013",6
"5971","2013",8
"5981","2013",7
"5991","2013",9
"6001","2013",7
"6011","2013",8
"6021","2013",4
"6031","2013",-1
"6041","2013",8
"6051","2013",5
"6061","2013",2
"6071","2013",8
"6081","2013",5
"6091","2013",8
"6101","2013",7
"6111","2013",-1
"6121","2013",1
"6141","2013",8
"6151","2013",10
"6161","2013",6
"617","2013",5
"618","2013",8
"6191","2013",8
"6201","2013",9
"6211","2013",3
"6221","2013",6
"6231","2013",NA
"6241","2013",NA
"6251","2013",7
"6261","2013",8
"6271","2013",7
"6281","2013",0
"6291","2013",NA
"6301","2013",6
"6311","2013",7
"6321","2013",9
"6331","2013",8
"6341","2013",-1
"6351","2013",-1
"6361","2013",8
"6371","2013",8
"6381","2013",3
"6391","2013",6
"6401","2013",NA
"6411","2013",8
"6421","2013",5
"6431","2013",7
"6441","2013",8
"6451","2013",7
"6461","2013",7
"6471","2013",3
"6481","2013",7
"6491","2013",7
"6501","2013",4
"6511","2013",3
"6521","2013",2
"6531","2013",8
"6541","2013",6
"6551","2013",10
"6561","2013",0
"6571","2013",2
"6581","2013",8
"6591","2013",6
"6601","2013",8
"6611","2013",3
"6621","2013",8
"6631","2013",6
"6641","2013",7
"6651","2013",5
"666","2013",7
"6671","2013",7
"6681","2013",NA
"6691","2013",8
"6701","2013",7
"6711","2013",7
"6721","2013",7
"6731","2013",9
"6741","2013",6
"6751","2013",6
"6761","2013",6
"6771","2013",5
"678","2013",2
"6801","2013",8
"6811","2013",0
"6821","2013",2
"6831","2013",8
"6841","2013",8
"6851","2013",4
"6861","2013",-1
"6871","2013",6
"6881","2013",10
"6891","2013",5
"6901","2013",3
"6911","2013",5
"6921","2013",8
"6931","2013",8
"6941","2013",7
"6951","2013",3
"6961","2013",-1
"6971","2013",7
"6981","2013",-1
"6991","2013",8
"700","2013",7
"7011","2013",9
"7021","2013",10
"7031","2013",5
"7041","2013",8
"7051","2013",7
"7061","2013",8
"7071","2013",-1
"7081","2013",9
"7091","2013",8
"7101","2013",7
"7111","2013",7
"7121","2013",8
"7131","2013",7
"7141","2013",8
"7151","2013",7
"7161","2013",4
"7171","2013",6
"7181","2013",4
"7191","2013",7
"7201","2013",6
"7211","2013",5
"7221","2013",7
"7231","2013",5
"7241","2013",9
"7251","2013",5
"7261","2013",7
"7271","2013",8
"7281","2013",7
"7291","2013",8
"7301","2013",7
"7311","2013",7
"7321","2013",-1
"7331","2013",4
"7341","2013",6
"7351","2013",8
"7361","2013",8
"7371","2013",4
"7381","2013",5
"7391","2013",7
"7401","2013",4
"7411","2013",8
"7421","2013",6
"7431","2013",8
"7441","2013",7
"7451","2013",-1
"7461","2013",9
"7471","2013",8
"7481","2013",10
"7491","2013",7
"7501","2013",5
"7511","2013",7
"7521","2013",6
"7531","2013",6
"7541","2013",5
"7551","2013",8
"7561","2013",7
"7571","2013",8
"7581","2013",8
"7591","2013",0
"7601","2013",-1
"7611","2013",7
"7621","2013",3
"7631","2013",7
"7641","2013",8
"7651","2013",5
"7661","2013",4
"7671","2013",NA
"7681","2013",-1
"7691","2013",7
"7701","2013",8
"7711","2013",5
"7721","2013",5
"7731","2013",7
"7741","2013",7
"7761","2013",5
"7771","2013",8
"7781","2013",5
"7801","2013",3
"781","2013",5
"7821","2013",8
"7831","2013",8
"7851","2013",7
"7861","2013",-1
"7871","2013",7
"7881","2013",9
"7891","2013",7
"7901","2013",7
"7911","2013",8
"7921","2013",6
"7941","2013",10
"7951","2013",5
"7961","2013",8
"7971","2013",-1
"7981","2013",4
"7991","2013",9
"8001","2013",7
"8011","2013",-1
"8021","2013",4
"8031","2013",9
"804","2013",7
"8051","2013",7
"8061","2013",-1
"8071","2013",4
"8081","2013",7
"8091","2013",7
"8101","2013",9
"8111","2013",7
"8121","2013",10
"8131","2013",7
"8141","2013",10
"8151","2013",7
"8161","2013",7
"8171","2013",6
"8181","2013",NA
"8191","2013",4
"8201","2013",-1
"8211","2013",4
"8221","2013",7
"8231","2013",9
"8241","2013",8
"8251","2013",9
"8261","2013",8
"8271","2013",5
"8281","2013",NA
"8291","2013",-1
"8301","2013",4
"8321","2013",3
"8331","2013",8
"8341","2013",7
"8351","2013",5
"8361","2013",6
"8371","2013",7
"8381","2013",6
"8391","2013",3
"8401","2013",NA
"8411","2013",8
"8421","2013",4
"8431","2013",NA
"8441","2013",5
"8451","2013",8
"8461","2013",8
"847","2013",8
"8481","2013",8
"8491","2013",8
"8501","2013",8
"8511","2013",NA
"8521","2013",7
"8531","2013",9
"8541","2013",8
"8551","2013",7
"8561","2013",1
"8571","2013",-1
"8581","2013",NA
"8591","2013",NA
"8601","2013",7
"8611","2013",7
"8621","2013",-1
"8631","2013",9
"8641","2013",8
"8651","2013",8
"8661","2013",6
"8671","2013",8
"8681","2013",-1
"8691","2013",-1
"8701","2013",NA
"8711","2013",-1
"8721","2013",8
"8731","2013",8
"8741","2013",7
"8751","2013",5
"8761","2013",7
"8771","2013",7
"8781","2013",2
"8791","2013",8
"8801","2013",10
"8811","2013",8
"8821","2013",8
"8831","2013",8
"8841","2013",3
"8851","2013",6
"8861","2013",7
"8871","2013",NA
"8881","2013",5
"8891","2013",2
"8901","2013",3
"891","2013",7
"8921","2013",8
"8931","2013",6
"8941","2013",7
"8951","2013",7
"8961","2013",-1
"8971","2013",3
"8981","2013",6
"8991","2013",5
"9001","2013",8
"9011","2013",-1
"9021","2013",8
"9031","2013",-1
"9041","2013",7
"9051","2013",7
"9061","2013",7
"9071","2013",-1
"9081","2013",5
"9091","2013",6
"9101","2013",NA
"9111","2013",7
"9121","2013",10
"913","2013",6
"9141","2013",6
"9151","2013",3
"9161","2013",8
"9171","2013",8
"9181","2013",8
"9191","2013",2
"9201","2013",5
"9211","2013",5
"9221","2013",NA
"9231","2013",7
"9241","2013",7
"9251","2013",-1
"9261","2013",5
"927","2013",5
"9281","2013",6
"9291","2013",3
"9301","2013",-1
"9311","2013",8
"9321","2013",7
"9331","2013",-1
"9341","2013",7
"9351","2013",6
"936","2013",8
"9371","2013",10
"9381","2013",2
"9391","2013",-1
"9401","2013",5
"9411","2013",9
"9421","2013",7
"9431","2013",7
"9441","2013",7
"9451","2013",8
"9461","2013",6
"9471","2013",0
"9481","2013",7
"9491","2013",8
"9501","2013",5
"9511","2013",3
"9521","2013",7
"9531","2013",-1
"9541","2013",9
"9551","2013",9
"9561","2013",NA
"9571","2013",5
"9581","2013",8
"9591","2013",5
"9601","2013",7
"9611","2013",7
"9621","2013",6
"9631","2013",4
"9641","2013",8
"9651","2013",NA
"9661","2013",8
"9671","2013",7
"9681","2013",6
"9691","2013",8
"9701","2013",7
"9711","2013",7
"9721","2013",8
"9731","2013",8
"9741","2013",-1
"9751","2013",5
"9761","2013",8
"9771","2013",NA
"9781","2013",7
"9791","2013",7
"9801","2013",NA
"9811","2013",7
"9821","2013",7
"9831","2013",8
"984","2013",-1
"985","2013",7
"9861","2013",6
"9871","2013",7
"9881","2013",5
"9891","2013",6
"9901","2013",8
"9911","2013",7
"9921","2013",-1
"9931","2013",1
"9941","2013",7
"9951","2013",8
"9961","2013",8
"9971","2013",6
"9981","2013",8
"9991","2013",8
"10001","2013",8
"10011","2013",5
"10021","2013",8
"10031","2013",5
"10041","2013",NA
"10051","2013",7
"10061","2013",8
"10071","2013",6
"10081","2013",7
"10091","2013",3
"10101","2013",8
"10111","2013",7
"10121","2013",7
"10131","2013",6
"10141","2013",7
"10151","2013",6
"10161","2013",8
"10171","2013",6
"10181","2013",5
"10191","2013",NA
"10201","2013",8
"10211","2013",7
"10221","2013",8
"10231","2013",10
"10241","2013",8
"10251","2013",6
"10271","2013",5
"10281","2013",-1
"10291","2013",8
"10301","2013",7
"10311","2013",6
"10321","2013",8
"10331","2013",NA
"10341","2013",7
"10351","2013",8
"10361","2013",0
"10371","2013",-1
"10381","2013",8
"10391","2013",8
"10401","2013",2
"10411","2013",7
"10421","2013",6
"10431","2013",NA
"10441","2013",8
"10451","2013",7
"10461","2013",7
"10471","2013",8
"10481","2013",7
"10491","2013",-1
"10501","2013",-1
"10511","2013",-1
"10521","2013",8
"10531","2013",8
"10541","2013",8
"10551","2013",8
"10561","2013",NA
"10591","2013",10
"10601","2013",3
"1061","2013",6
"10621","2013",8
"10631","2013",8
"10641","2013",7
"10651","2013",7
"10661","2013",5
"10671","2013",9
"10681","2013",5
"10691","2013",8
"10701","2013",3
"10711","2013",-1
"10721","2013",6
"10731","2013",5
"10741","2013",-1
"10751","2013",9
"10761","2013",7
"10771","2013",7
"10781","2013",5
"10791","2013",-1
"10801","2013",9
"10811","2013",7
"10821","2013",7
"10831","2013",7
"10841","2013",6
"10851","2013",8
"10861","2013",1
"10871","2013",8
"10881","2013",5
"10901","2013",-1
"10911","2013",5
"10921","2013",8
"10931","2013",10
"10941","2013",1
"10951","2013",6
"10961","2013",7
"10971","2013",7
"10981","2013",8
"10991","2013",6
"11001","2013",5
"11011","2013",1
"11021","2013",6
"11031","2013",-1
"11041","2013",-1
"11051","2013",-1
"11061","2013",5
"11071","2013",7
"11081","2013",-1
"11091","2013",10
"11101","2013",1
"11111","2013",-1
"11121","2013",8
"11131","2013",7
"11141","2013",8
"11151","2013",7
"11161","2013",5
"11171","2013",8
"11181","2013",NA
"11191","2013",-1
"11201","2013",8
"11211","2013",9
"11221","2013",0
"11241","2013",8
"11251","2013",8
"11261","2013",9
"11271","2013",9
"11281","2013",5
"11291","2013",7
"11311","2013",7
"11321","2013",7
"11331","2013",7
"11341","2013",8
"11351","2013",NA
"11361","2013",8
"11371","2013",-1
"11381","2013",9
"11391","2013",7
"11401","2013",8
"11411","2013",5
"11421","2013",7
"11431","2013",8
"11441","2013",8
"11451","2013",-1
"11461","2013",8
"11471","2013",4
"11481","2013",6
"11491","2013",NA
"11501","2013",7
"11511","2013",8
"11521","2013",5
"11531","2013",7
"11541","2013",4
"11551","2013",6
"11561","2013",8
"11571","2013",4
"11591","2013",8
"11601","2013",5
"11611","2013",5
"11621","2013",6
"11631","2013",9
"11641","2013",6
"11661","2013",5
"11671","2013",10
"11681","2013",6
"11691","2013",8
"11701","2013",9
"11711","2013",7
"11721","2013",9
"11731","2013",7
"11741","2013",1
"11751","2013",3
"11761","2013",-1
"11771","2013",-1
"11781","2013",7
"11791","2013",-1
"11801","2013",6
"11821","2013",4
"11831","2013",3
"11841","2013",-1
"11851","2013",8
"11861","2013",1
"11871","2013",6
"11881","2013",6
"11891","2013",4
"11901","2013",2
"11911","2013",NA
"11921","2013",5
"11931","2013",-1
"11941","2013",8
"11951","2013",8
"11961","2013",7
"11971","2013",5
"11981","2013",-1
"11991","2013",-1
"12001","2013",3
"12011","2013",6
"12021","2013",5
"12031","2013",-1
"12041","2013",6
"12051","2013",4
"12061","2013",7
"12071","2013",8
"12081","2013",NA
"12091","2013",8
"12101","2013",7
"12111","2013",-1
"12121","2013",-1
"12131","2013",-1
"12141","2013",NA
"12151","2013",5
"12161","2013",8
"12171","2013",6
"12181","2013",9
"12191","2013",6
"12201","2013",7
"12211","2013",NA
"12221","2013",9
"12231","2013",8
"12241","2013",8
"12251","2013",-1
"12261","2013",6
"12271","2013",NA
"12281","2013",9
"12291","2013",4
"12301","2013",9
"12311","2013",7
"12321","2013",10
"12331","2013",8
"1234","2013",9
"12351","2013",7
"12361","2013",2
"12371","2013",5
"12381","2013",NA
"12391","2013",7
"12401","2013",6
"12411","2013",7
"12421","2013",-1
"12431","2013",10
"12441","2013",5
"12451","2013",3
"12461","2013",7
"12471","2013",NA
"12481","2013",10
"12491","2013",8
"12501","2013",5
"12511","2013",5
"12521","2013",-1
"12531","2013",NA
"12541","2013",8
"12551","2013",8
"12561","2013",4
"12571","2013",6
"12581","2013",5
"12591","2013",8
"12601","2013",5
"12611","2013",8
"12621","2013",2
"12631","2013",7
"12641","2013",7
"12651","2013",4
"12661","2013",0
"12671","2013",5
"12681","2013",8
"12691","2013",-1
"12701","2013",7
"12711","2013",6
"12721","2013",5
"12731","2013",NA
"1274","2013",7
"12751","2013",NA
"12761","2013",NA
"12771","2013",7
"12781","2013",9
"12791","2013",5
"12801","2013",-1
"12811","2013",9
"1282","2013",5
"12831","2013",7
"12841","2013",5
"12851","2013",8
"12861","2013",8
"12871","2013",2
"12881","2013",8
"12891","2013",5
"12901","2013",-1
"12911","2013",-1
"12921","2013",-1
"12931","2013",8
"12941","2013",3
"1295","2013",7
"12971","2013",7
"12981","2013",8
"1299","2013",6
"1300","2013",7
"1301","2013",7
"1302","2013",6
"1303","2013",5
"1304","2013",-1
"1305","2013",-1
"1306","2013",8
"1307","2013",7
"1308","2013",7
"1309","2013",5
"1310","2013",5
"1311","2013",0
"1312","2013",7
"1313","2013",NA
"1314","2013",7
"1315","2013",5
"1316","2013",7
"1317","2013",6
"1318","2013",10
"1319","2013",6
"1320","2013",NA
"1321","2013",7
"1322","2013",6
"1323","2013",8
"1324","2013",5
"1325","2013",10
"1327","2013",NA
"1328","2013",7
"1329","2013",1
"1330","2013",6
"1331","2013",-1
"1332","2013",7
"1333","2013",7
"1334","2013",1
"1335","2013",-1
"1336","2013",5
"1337","2013",5
"1338","2013",7
"1339","2013",7
"1340","2013",7
"1341","2013",8
"1342","2013",7
"1343","2013",7
"1344","2013",5
"1345","2013",10
"1346","2013",3
"1347","2013",-1
"1348","2013",-1
"1349","2013",5
"1350","2013",9
"1351","2013",7
"1352","2013",8
"1353","2013",8
"1355","2013",5
"1356","2013",8
"1357","2013",7
"1358","2013",5
"1359","2013",5
"1360","2013",8
"1361","2013",6
"1362","2013",10
"1364","2013",6
"1365","2013",6
"1366","2013",7
"1367","2013",NA
"1368","2013",7
"1369","2013",9
"1370","2013",9
"1371","2013",-1
"1372","2013",-1
"1373","2013",6
"1374","2013",7
"1375","2013",-1
"1377","2013",8
"1378","2013",7
"1379","2013",6
"1380","2013",7
"1381","2013",7
"1382","2013",7
"1383","2013",8
"1384","2013",8
"1385","2013",7
"1386","2013",5
"1387","2013",5
"1388","2013",-1
"1389","2013",-1
"1390","2013",6
"1391","2013",NA
"1392","2013",8
"1393","2013",-1
"1394","2013",7
"1395","2013",5
"1396","2013",5
"1397","2013",-1
"1398","2013",6
"1399","2013",7
"1400","2013",8
"1401","2013",8
"1402","2013",8
"1403","2013",6
"1404","2013",8
"1405","2013",6
"1406","2013",NA
"1408","2013",NA
"1409","2013",-1
"1410","2013",7
"1411","2013",7
"1412","2013",8
"1413","2013",6
"1414","2013",8
"1415","2013",-1
"1416","2013",8
"1417","2013",7
"1418","2013",-1
"1419","2013",7
"1420","2013",6
"1421","2013",7
"1422","2013",10
"1423","2013",8
"1424","2013",8
"1425","2013",5
"1426","2013",8
"1427","2013",8
"1428","2013",8
"1429","2013",9
"1430","2013",4
"1431","2013",7
"1432","2013",6
"1433","2013",6
"1434","2013",9
"1435","2013",-1
"1437","2013",3
"1438","2013",-1
"1439","2013",7
"1440","2013",6
"1441","2013",9
"1442","2013",8
"1443","2013",7
"1444","2013",7
"1445","2013",7
"1446","2013",0
"1447","2013",-1
"1448","2013",6
"1449","2013",8
"1450","2013",-1
"1451","2013",7
"1453","2013",NA
"1454","2013",8
"1455","2013",8
"1456","2013",5
"1457","2013",8
"1458","2013",7
"1459","2013",5
"1460","2013",5
"1461","2013",5
"1462","2013",-1
"1463","2013",8
"1464","2013",-1
"1465","2013",5
"1466","2013",7
"1467","2013",8
"1468","2013",2
"1469","2013",4
"1470","2013",7
"1471","2013",-1
"1472","2013",-1
"1473","2013",4
"1474","2013",6
"1475","2013",-1
"1476","2013",NA
"1477","2013",7
"1478","2013",4
"1479","2013",7
"2685","2014",4
"2686","2014",NA
"2687","2014",7
"2688","2014",10
"2689","2014",2
"2690","2014",-1
"2691","2014",5
"2692","2014",7
"2693","2014",7
"2694","2014",5
"2695","2014",4
"2696","2014",5
"2697","2014",9
"2698","2014",-1
"2699","2014",-1
"2700","2014",1
"2701","2014",5
"2702","2014",4
"2703","2014",4
"2704","2014",5
"2705","2014",7
"2706","2014",7
"2707","2014",8
"2708","2014",-1
"2709","2014",-1
"2710","2014",8
"2711","2014",-1
"2712","2014",NA
"2713","2014",5
"2714","2014",8
"2715","2014",7
"2716","2014",6
"2717","2014",7
"2718","2014",2
"2719","2014",7
"2720","2014",7
"2721","2014",NA
"2722","2014",1
"2723","2014",3
"2724","2014",-1
"2725","2014",-1
"2726","2014",-1
"2727","2014",-1
"2728","2014",5
"2729","2014",5
"2730","2014",6
"2731","2014",8
"2732","2014",NA
"2733","2014",8
"2734","2014",8
"2735","2014",0
"2736","2014",6
"2737","2014",3
"2738","2014",-1
"2739","2014",1
"2740","2014",5
"2741","2014",4
"2742","2014",4
"2743","2014",5
"2744","2014",7
"2745","2014",7
"2746","2014",8
"2747","2014",-1
"2748","2014",-1
"2749","2014",8
"2750","2014",-1
"2751","2014",NA
"2752","2014",5
"2753","2014",8
"2754","2014",7
"2755","2014",6
"2756","2014",7
"2757","2014",-1
"2758","2014",7
"2759","2014",8
"2760","2014",8
"2761","2014",6
"2762","2014",0
"2763","2014",6
"2764","2014",7
"2765","2014",7
"2766","2014",7
"2767","2014",7
"2768","2014",5
"2769","2014",-1
"2770","2014",-1
"2771","2014",8
"2772","2014",8
"2773","2014",5
"2774","2014",7
"2775","2014",5
"2776","2014",-1
"2777","2014",-1
"2778","2014",5
"2779","2014",10
"2780","2014",7
"2781","2014",9
"2782","2014",NA
"2783","2014",3
"2784","2014",-1
"2785","2014",5
"2786","2014",0
"2787","2014",NA
"2788","2014",7
"2789","2014",-1
"2790","2014",6
"2791","2014",8
"2792","2014",-1
"2793","2014",5
"2794","2014",7
"2795","2014",6
"2796","2014",4
"2797","2014",7
"2798","2014",4
"2799","2014",3
"2800","2014",NA
"2801","2014",8
"2802","2014",8
"2803","2014",7
"2804","2014",6
"2805","2014",-1
"2806","2014",5
"2807","2014",2
"2808","2014",3
"2809","2014",6
"2810","2014",8
"2811","2014",-1
"2812","2014",5
"2813","2014",4
"2814","2014",8
"2815","2014",8
"2816","2014",8
"2817","2014",6
"2818","2014",10
"2819","2014",4
"2820","2014",5
"2821","2014",-1
"2822","2014",5
"2823","2014",7
"2824","2014",-1
"2825","2014",5
"2826","2014",8
"2827","2014",NA
"2828","2014",8
"2829","2014",7
"2830","2014",5
"2831","2014",-1
"2832","2014",10
"2833","2014",NA
"2834","2014",8
"2835","2014",2
"2836","2014",6
"2837","2014",8
"2838","2014",5
"2839","2014",8
"2840","2014",-1
"2841","2014",8
"2842","2014",10
"2843","2014",8
"2844","2014",5
"2845","2014",6
"2846","2014",6
"2847","2014",2
"2848","2014",5
"2849","2014",0
"2850","2014",9
"2851","2014",3
"2852","2014",1
"2853","2014",9
"2854","2014",NA
"2855","2014",8
"2856","2014",6
"2857","2014",9
"2858","2014",4
"2859","2014",8
"2860","2014",8
"2861","2014",6
"2862","2014",6
"2863","2014",8
"2864","2014",-1
"2865","2014",3
"2866","2014",6
"2867","2014",5
"2868","2014",8
"2869","2014",8
"2870","2014",4
"2871","2014",2
"2872","2014",6
"2873","2014",7
"2874","2014",0
"2875","2014",-1
"2876","2014",7
"2877","2014",3
"2878","2014",5
"2879","2014",8
"2880","2014",6
"2881","2014",8
"2882","2014",8
"2883","2014",10
"2884","2014",7
"2885","2014",-1
"2886","2014",9
"2887","2014",4
"2888","2014",7
"2889","2014",4
"2890","2014",7
"2891","2014",10
"2892","2014",10
"2893","2014",9
"2894","2014",6
"2895","2014",-1
"2896","2014",10
"2897","2014",8
"2898","2014",7
"2899","2014",2
"2900","2014",9
"2901","2014",8
"2902","2014",5
"2903","2014",NA
"2904","2014",4
"2905","2014",7
"2906","2014",NA
"2907","2014",9
"2908","2014",6
"2909","2014",5
"2910","2014",5
"2911","2014",6
"2912","2014",0
"2913","2014",2
"2914","2014",NA
"2915","2014",6
"2916","2014",5
"2917","2014",6
"2918","2014",8
"2919","2014",6
"2920","2014",8
"2921","2014",6
"2922","2014",7
"2923","2014",6
"2924","2014",NA
"2925","2014",NA
"2926","2014",5
"2927","2014",8
"2928","2014",7
"2929","2014",-1
"2930","2014",6
"2931","2014",1
"2932","2014",7
"2933","2014",8
"2934","2014",7
"2935","2014",6
"2936","2014",NA
"2937","2014",-1
"2938","2014",0
"2939","2014",-1
"2940","2014",6
"2941","2014",3
"2942","2014",6
"2943","2014",0
"2944","2014",5
"2945","2014",NA
"2946","2014",5
"2947","2014",NA
"2948","2014",6
"2949","2014",8
"2950","2014",6
"2951","2014",5
"2952","2014",NA
"2953","2014",0
"2954","2014",7
"2955","2014",5
"2956","2014",7
"2957","2014",0
"2958","2014",7
"2959","2014",7
"2960","2014",6
"2961","2014",0
"2962","2014",3
"2963","2014",-1
"2964","2014",5
"2965","2014",3
"2966","2014",3
"2967","2014",8
"2968","2014",NA
"2969","2014",-1
"2970","2014",-1
"2971","2014",6
"2972","2014",NA
"2973","2014",6
"2974","2014",10
"2975","2014",-1
"2976","2014",7
"2977","2014",7
"2978","2014",6
"2979","2014",NA
"2980","2014",5
"2981","2014",7
"2982","2014",7
"2983","2014",7
"2984","2014",7
"2985","2014",-1
"2986","2014",6
"2987","2014",7
"2988","2014",6
"2989","2014",0
"2990","2014",-1
"2991","2014",7
"2992","2014",6
"2993","2014",7
"2994","2014",10
"2995","2014",9
"2996","2014",-1
"2997","2014",8
"2998","2014",8
"2999","2014",2
"3000","2014",4
"3001","2014",9
"3002","2014",4
"3003","2014",8
"3004","2014",3
"3005","2014",5
"3006","2014",7
"3007","2014",5
"3008","2014",7
"3009","2014",8
"3010","2014",7
"3011","2014",-1
"3012","2014",0
"3013","2014",8
"3014","2014",6
"3015","2014",8
"3016","2014",7
"3017","2014",8
"3018","2014",6
"3019","2014",10
"3020","2014",2
"3021","2014",8
"3022","2014",8
"3023","2014",3
"3024","2014",4
"3025","2014",6
"3026","2014",4
"3027","2014",6
"3028","2014",1
"3029","2014",7
"3030","2014",7
"3031","2014",8
"3032","2014",-1
"3033","2014",8
"3034","2014",9
"3035","2014",2
"3036","2014",7
"3037","2014",7
"3038","2014",4
"3039","2014",8
"3040","2014",-1
"3041","2014",8
"3042","2014",3
"3043","2014",3
"3044","2014",6
"3045","2014",9
"3046","2014",6
"3047","2014",5
"3048","2014",-1
"3049","2014",0
"3050","2014",8
"3051","2014",8
"3052","2014",8
"3053","2014",6
"3054","2014",6
"3055","2014",NA
"3056","2014",9
"3057","2014",5
"3058","2014",5
"3059","2014",6
"3060","2014",8
"3061","2014",3
"3062","2014",5
"3063","2014",8
"3064","2014",5
"3065","2014",7
"3066","2014",6
"3067","2014",8
"3068","2014",8
"3069","2014",3
"3070","2014",6
"3071","2014",5
"3072","2014",-1
"3073","2014",6
"3074","2014",7
"3075","2014",NA
"3076","2014",4
"3077","2014",7
"3078","2014",7
"3079","2014",5
"3080","2014",7
"3081","2014",0
"3082","2014",-1
"3083","2014",NA
"3084","2014",0
"3085","2014",5
"3086","2014",NA
"3087","2014",7
"3088","2014",5
"3089","2014",8
"3090","2014",6
"3091","2014",4
"3092","2014",-1
"3093","2014",8
"3094","2014",10
"3095","2014",1
"3096","2014",2
"3097","2014",5
"3098","2014",7
"3099","2014",6
"3100","2014",6
"3101","2014",NA
"3102","2014",7
"3103","2014",7
"3104","2014",4
"3105","2014",7
"3106","2014",9
"3107","2014",6
"3108","2014",6
"3109","2014",9
"3110","2014",5
"3111","2014",9
"3112","2014",4
"3113","2014",2
"3114","2014",7
"3115","2014",9
"3116","2014",0
"3117","2014",5
"3118","2014",8
"3119","2014",2
"3120","2014",6
"3121","2014",5
"3122","2014",9
"3123","2014",0
"3124","2014",6
"3125","2014",NA
"3126","2014",3
"3127","2014",4
"3128","2014",0
"3129","2014",-1
"3130","2014",8
"3131","2014",9
"3132","2014",3
"3133","2014",7
"3134","2014",NA
"3135","2014",0
"3136","2014",7
"3137","2014",8
"3138","2014",-1
"3139","2014",-1
"3140","2014",8
"3141","2014",NA
"3142","2014",4
"3143","2014",5
"3144","2014",5
"3145","2014",7
"3146","2014",9
"3147","2014",NA
"3148","2014",8
"3149","2014",7
"3150","2014",5
"3151","2014",6
"3152","2014",-1
"3153","2014",1
"3154","2014",6
"3155","2014",7
"3156","2014",5
"3157","2014",4
"3158","2014",5
"3159","2014",NA
"3160","2014",7
"3161","2014",6
"3162","2014",5
"3163","2014",2
"3164","2014",3
"3165","2014",NA
"3166","2014",5
"3167","2014",7
"3168","2014",8
"3169","2014",7
"3170","2014",7
"3171","2014",6
"3172","2014",3
"3173","2014",6
"3174","2014",NA
"3175","2014",9
"3176","2014",4
"3177","2014",5
"3178","2014",8
"3179","2014",8
"3180","2014",0
"3181","2014",7
"3182","2014",3
"3183","2014",-1
"3184","2014",7
"3185","2014",7
"3186","2014",5
"3187","2014",7
"3188","2014",6
"3189","2014",6
"3190","2014",9
"3191","2014",6
"3192","2014",NA
"3193","2014",6
"3194","2014",-1
"3195","2014",NA
"3196","2014",7
"3197","2014",4
"3198","2014",8
"3199","2014",9
"3200","2014",-1
"3201","2014",3
"3202","2014",4
"3203","2014",6
"3204","2014",8
"3205","2014",5
"3206","2014",8
"3207","2014",-1
"3208","2014",5
"3209","2014",8
"3210","2014",4
"3211","2014",5
"3212","2014",7
"3213","2014",-1
"3214","2014",7
"3215","2014",5
"3216","2014",5
"3217","2014",8
"3218","2014",8
"3219","2014",-1
"3220","2014",10
"3221","2014",6
"3222","2014",8
"3223","2014",7
"3224","2014",4
"3225","2014",7
"3226","2014",-1
"3227","2014",5
"3228","2014",3
"3229","2014",7
"3230","2014",1
"3231","2014",7
"3232","2014",3
"3233","2014",NA
"3234","2014",5
"3235","2014",-1
"3236","2014",7
"3237","2014",8
"3238","2014",8
"3239","2014",7
"3240","2014",5
"3241","2014",9
"3242","2014",6
"3243","2014",2
"3244","2014",8
"3245","2014",-1
"3246","2014",6
"3247","2014",5
"3248","2014",7
"3249","2014",2
"3250","2014",8
"3251","2014",6
"3252","2014",6
"3253","2014",5
"3254","2014",8
"3255","2014",7
"3256","2014",4
"3257","2014",7
"3258","2014",5
"3259","2014",4
"3260","2014",6
"3261","2014",7
"3262","2014",5
"3263","2014",-1
"3264","2014",3
"3265","2014",6
"3266","2014",3
"3267","2014",10
"3268","2014",7
"3269","2014",7
"3270","2014",7
"3271","2014",7
"3272","2014",9
"3273","2014",8
"3274","2014",7
"3275","2014",6
"3276","2014",NA
"3277","2014",8
"3278","2014",7
"3279","2014",4
"3280","2014",4
"3281","2014",0
"3282","2014",5
"3283","2014",5
"3284","2014",7
"3285","2014",7
"3286","2014",NA
"3287","2014",7
"3288","2014",5
"3289","2014",NA
"3290","2014",NA
"3291","2014",-1
"3292","2014",9
"3293","2014",4
"3294","2014",6
"3295","2014",4
"3296","2014",7
"3297","2014",7
"3298","2014",-1
"3299","2014",4
"3300","2014",-1
"3301","2014",NA
"3302","2014",7
"3303","2014",-1
"3304","2014",8
"3305","2014",8
"3306","2014",0
"3307","2014",10
"3308","2014",-1
"3309","2014",5
"3310","2014",3
"3311","2014",9
"3312","2014",4
"3313","2014",8
"3314","2014",7
"3315","2014",7
"3316","2014",3
"3317","2014",-1
"3318","2014",3
"3319","2014",7
"3320","2014",7
"3321","2014",NA
"3322","2014",7
"3323","2014",6
"3324","2014",10
"3325","2014",8
"3326","2014",4
"3327","2014",7
"3328","2014",9
"3329","2014",7
"3330","2014",5
"3331","2014",5
"3332","2014",3
"3333","2014",9
"3334","2014",7
"3335","2014",-1
"3336","2014",3
"3337","2014",5
"3338","2014",8
"3339","2014",-1
"3340","2014",7
"3341","2014",-1
"3342","2014",3
"3343","2014",5
"3344","2014",0
"3345","2014",5
"3346","2014",4
"3347","2014",7
"3348","2014",NA
"3349","2014",8
"3350","2014",7
"3351","2014",7
"3352","2014",4
"3353","2014",NA
"3354","2014",NA
"3355","2014",8
"3356","2014",7
"3357","2014",8
"3358","2014",5
"3359","2014",5
"3360","2014",5
"3361","2014",9
"3362","2014",5
"3363","2014",3
"3364","2014",5
"3365","2014",8
"3366","2014",8
"3367","2014",7
"3368","2014",6
"3369","2014",9
"3370","2014",8
"3371","2014",8
"3372","2014",7
"3373","2014",7
"3374","2014",8
"3375","2014",-1
"3376","2014",7
"3377","2014",-1
"3378","2014",-1
"3379","2014",NA
"3380","2014",6
"3381","2014",7
"3382","2014",7
"3383","2014",7
"3384","2014",-1
"3385","2014",8
"3386","2014",5
"3387","2014",3
"3388","2014",-1
"3389","2014",NA
"3390","2014",7
"3391","2014",5
"3392","2014",9
"3393","2014",1
"3394","2014",8
"3395","2014",8
"3396","2014",8
"3397","2014",8
"3398","2014",4
"3399","2014",7
"3400","2014",8
"3401","2014",5
"3402","2014",9
"3403","2014",6
"3404","2014",4
"3405","2014",7
"3406","2014",8
"3407","2014",8
"3408","2014",-1
"3409","2014",6
"3410","2014",-1
"3411","2014",8
"3412","2014",6
"3413","2014",-1
"3414","2014",4
"3415","2014",8
"3416","2014",4
"3417","2014",7
"3418","2014",8
"3419","2014",8
"3420","2014",8
"3421","2014",7
"3422","2014",6
"3423","2014",7
"3424","2014",5
"3425","2014",8
"3426","2014",5
"3427","2014",8
"3428","2014",-1
"3429","2014",0
"3430","2014",6
"3431","2014",6
"3432","2014",7
"3433","2014",-1
"3434","2014",9
"3435","2014",7
"3436","2014",9
"3437","2014",7
"3438","2014",4
"3439","2014",6
"3440","2014",5
"3441","2014",6
"3442","2014",5
"3443","2014",6
"3444","2014",8
"3445","2014",6
"3446","2014",2
"3447","2014",8
"3448","2014",7
"3449","2014",8
"3450","2014",7
"3451","2014",7
"3452","2014",8
"3453","2014",9
"3454","2014",NA
"3455","2014",8
"3456","2014",7
"3457","2014",7
"3458","2014",-1
"3459","2014",6
"3460","2014",NA
"3461","2014",-1
"3462","2014",-1
"3463","2014",5
"3464","2014",9
"3465","2014",-1
"3466","2014",-1
"3467","2014",0
"3468","2014",8
"3469","2014",6
"3470","2014",7
"3471","2014",8
"3472","2014",8
"3473","2014",5
"3474","2014",8
"3475","2014",-1
"3476","2014",8
"3477","2014",NA
"3478","2014",10
"3479","2014",5
"3480","2014",NA
"3481","2014",7
"3482","2014",NA
"3483","2014",7
"3484","2014",7
"3485","2014",7
"3486","2014",NA
"3487","2014",6
"3488","2014",-1
"3489","2014",9
"3490","2014",9
"3491","2014",8
"3492","2014",NA
"3493","2014",-1
"3494","2014",3
"3495","2014",8
"3496","2014",7
"3497","2014",8
"3498","2014",6
"3499","2014",7
"3500","2014",8
"3501","2014",8
"3502","2014",7
"3503","2014",9
"3504","2014",8
"3505","2014",5
"3506","2014",0
"3507","2014",9
"3508","2014",8
"3509","2014",8
"3510","2014",8
"3511","2014",7
"3512","2014",-1
"3513","2014",8
"3514","2014",8
"3515","2014",NA
"3516","2014",6
"3517","2014",-1
"3518","2014",9
"3519","2014",6
"3520","2014",8
"3521","2014",-1
"3522","2014",8
"3523","2014",7
"3524","2014",8
"3525","2014",-1
"3526","2014",4
"3527","2014",6
"3528","2014",5
"3529","2014",-1
"3530","2014",7
"3531","2014",-1
"3532","2014",8
"3533","2014",3
"3534","2014",7
"3535","2014",7
"3536","2014",NA
"3537","2014",8
"3538","2014",8
"3539","2014",NA
"3540","2014",NA
"3541","2014",7
"3542","2014",7
"3543","2014",10
"3544","2014",8
"3545","2014",9
"3546","2014",6
"3547","2014",8
"3548","2014",7
"3549","2014",8
"3550","2014",8
"3551","2014",8
"3552","2014",8
"3553","2014",8
"3554","2014",7
"3555","2014",NA
"3556","2014",9
"3557","2014",8
"3558","2014",NA
"3559","2014",7
"3560","2014",7
"3561","2014",8
"3562","2014",8
"3563","2014",9
"3564","2014",-1
"3565","2014",8
"3566","2014",7
"3567","2014",4
"3568","2014",NA
"3569","2014",8
"3570","2014",7
"3571","2014",8
"3572","2014",-1
"3573","2014",8
"3574","2014",8
"3575","2014",4
"3576","2014",7
"3577","2014",1
"3578","2014",10
"3579","2014",8
"3580","2014",6
"3581","2014",5
"3582","2014",8
"3583","2014",7
"3584","2014",-1
"3585","2014",7
"3586","2014",-1
"3587","2014",NA
"3588","2014",6
"3589","2014",10
"3590","2014",10
"3591","2014",7
"3592","2014",-1
"3593","2014",8
"3594","2014",9
"3595","2014",6
"3596","2014",8
"3597","2014",9
"3598","2014",7
"3599","2014",8
"3600","2014",2
"3601","2014",5
"3602","2014",7
"3603","2014",-1
"3604","2014",8
"3605","2014",9
"3606","2014",7
"3607","2014",6
"3608","2014",6
"3609","2014",7
"3610","2014",5
"3611","2014",7
"3612","2014",5
"3613","2014",NA
"3614","2014",-1
"3615","2014",8
"3616","2014",NA
"3617","2014",6
"3618","2014",NA
"3619","2014",7
"3620","2014",7
"3621","2014",9
"3622","2014",6
"3623","2014",9
"3624","2014",6
"3625","2014",7
"3626","2014",8
"3627","2014",9
"3628","2014",8
"3629","2014",8
"3630","2014",9
"3631","2014",-1
"3632","2014",5
"3633","2014",8
"3634","2014",9
"3635","2014",-1
"3636","2014",8
"3637","2014",NA
"3638","2014",-1
"3639","2014",-1
"3640","2014",-1
"3641","2014",7
"3642","2014",5
"3643","2014",10
"3644","2014",8
"3645","2014",7
"3646","2014",-1
"3647","2014",8
"3648","2014",4
"3649","2014",5
"3650","2014",-1
"3651","2014",7
"3652","2014",8
"3653","2014",8
"3654","2014",7
"3655","2014",8
"3656","2014",7
"3657","2014",7
"3658","2014",7
"3659","2014",7
"3660","2014",NA
"3661","2014",8
"3662","2014",9
"3663","2014",7
"3664","2014",NA
"3665","2014",5
"3666","2014",8
"3667","2014",8
"3668","2014",4
"3669","2014",8
"3670","2014",NA
"3671","2014",8
"3672","2014",NA
"3673","2014",5
"3674","2014",4
"3675","2014",NA
"3676","2014",10
"3677","2014",-1
"3678","2014",8
"3679","2014",4
"3680","2014",6
"3681","2014",NA
"3682","2014",NA
"3683","2014",NA
"3684","2014",7
"3685","2014",5
"3686","2014",-1
"3687","2014",6
"3688","2014",7
"3689","2014",4
"3690","2014",9
"3691","2014",-1
"3692","2014",8
"3693","2014",6
"3694","2014",7
"3695","2014",7
"3696","2014",8
"3697","2014",5
"3698","2014",-1
"3699","2014",5
"3700","2014",-1
"3701","2014",5
"3702","2014",8
"3703","2014",NA
"3704","2014",8
"3705","2014",8
"3706","2014",6
"3707","2014",6
"3708","2014",6
"3709","2014",NA
"3710","2014",6
"3711","2014",8
"3712","2014",7
"3713","2014",9
"3714","2014",-1
"3715","2014",5
"3716","2014",8
"3717","2014",4
"3718","2014",9
"3719","2014",8
"3720","2014",7
"3721","2014",8
"3722","2014",6
"3723","2014",7
"3724","2014",7
"3725","2014",7
"3726","2014",9
"3727","2014",6
"3728","2014",8
"3729","2014",10
"3730","2014",NA
"3731","2014",4
"3732","2014",6
"3733","2014",9
"3734","2014",4
"3735","2014",7
"3736","2014",8
"3737","2014",6
"3738","2014",8
"3739","2014",-1
"3740","2014",2
"3741","2014",-1
"3742","2014",NA
"3743","2014",4
"3744","2014",4
"3745","2014",10
"3746","2014",-1
"3747","2014",6
"3748","2014",5
"3749","2014",5
"3750","2014",3
"3751","2014",NA
"3752","2014",4
"3753","2014",8
"3754","2014",7
"3755","2014",8
"3756","2014",6
"3757","2014",8
"3758","2014",-1
"3759","2014",2
"3760","2014",-1
"3761","2014",NA
"3762","2014",4
"3763","2014",4
"3764","2014",10
"3765","2014",-1
"3766","2014",6
"3767","2014",5
"3768","2014",5
"3769","2014",3
"3770","2014",NA
"3771","2014",4
"3772","2014",8
"3773","2014",5
"3774","2014",8
"3775","2014",4
"3776","2014",9
"3777","2014",8
"3778","2014",7
"3779","2014",8
"3780","2014",6
"3781","2014",7
"3782","2014",7
"3783","2014",7
"3784","2014",9
"3785","2014",6
"3786","2014",8
"3787","2014",10
"3788","2014",NA
"3789","2014",4
"3790","2014",6
"3791","2014",9
"3792","2014",4
"3793","2014",7
"3794","2014",5
"3795","2014",8
"3796","2014",-1
"3797","2014",7
"3798","2014",NA
"3799","2014",5
"3800","2014",NA
"3801","2014",8
"3802","2014",5
"3803","2014",8
"3804","2014",4
"3805","2014",6
"3806","2014",8
"3807","2014",8
"3808","2014",7
"3809","2014",3
"3810","2014",5
"3811","2014",8
"3812","2014",NA
"3813","2014",7
"3814","2014",-1
"3815","2014",-1
"3816","2014",4
"3817","2014",1
"3818","2014",10
"3819","2014",-1
"3820","2014",7
"3821","2014",-1
"3822","2014",7
"3823","2014",-1
"3824","2014",8
"3825","2014",8
"3826","2014",7
"3827","2014",6
"3828","2014",7
"3829","2014",-1
"3830","2014",5
"3831","2014",7
"3832","2014",9
"3833","2014",5
"3834","2014",8
"3835","2014",-1
"3836","2014",8
"3837","2014",8
"3838","2014",7
"3839","2014",7
"3840","2014",7
"3841","2014",7
"3842","2014",9
"3843","2014",5
"3844","2014",7
"3845","2014",NA
"3846","2014",8
"3847","2014",4
"3848","2014",-1
"3849","2014",7
"3850","2014",7
"3851","2014",-1
"3852","2014",7
"3853","2014",7
"3854","2014",8
"3855","2014",7
"3856","2014",8
"3857","2014",7
"3858","2014",7
"3859","2014",8
"3860","2014",9
"3861","2014",6
"3862","2014",8
"3863","2014",8
"3864","2014",7
"3865","2014",0
"3866","2014",1
"3867","2014",10
"3868","2014",-1
"3869","2014",6
"3870","2014",-1
"3871","2014",7
"3872","2014",4
"3873","2014",NA
"3874","2014",7
"3875","2014",9
"3876","2014",7
"3877","2014",5
"3878","2014",5
"3879","2014",8
"3880","2014",-1
"3881","2014",8
"3882","2014",6
"3883","2014",7
"3884","2014",-1
"3885","2014",6
"3886","2014",7
"3887","2014",2
"3888","2014",NA
"3889","2014",9
"3890","2014",-1
"3891","2014",7
"3892","2014",8
"3893","2014",-1
"3894","2014",7
"3895","2014",-1
"3896","2014",7
"3897","2014",-1
"3898","2014",4
"3899","2014",6
"3900","2014",7
"3901","2014",-1
"3902","2014",8
"3903","2014",7
"3904","2014",5
"3905","2014",4
"3906","2014",7
"3907","2014",8
"3908","2014",6
"3909","2014",6
"3910","2014",8
"3911","2014",7
"3912","2014",-1
"3913","2014",6
"3914","2014",7
"3915","2014",2
"3916","2014",NA
"3917","2014",9
"3918","2014",-1
"3919","2014",7
"3920","2014",8
"3921","2014",6
"3922","2014",NA
"3923","2014",0
"3924","2014",6
"3925","2014",4
"3926","2014",7
"3927","2014",7
"3928","2014",6
"3929","2014",6
"3930","2014",7
"3931","2014",NA
"3932","2014",5
"3933","2014",6
"3934","2014",7
"3935","2014",7
"3936","2014",7
"3937","2014",4
"3938","2014",4
"3939","2014",8
"3940","2014",3
"3941","2014",8
"3942","2014",8
"3943","2014",1
"3944","2014",-1
"3945","2014",-1
"3946","2014",5
"3947","2014",-1
"3948","2014",-1
"3949","2014",8
"3950","2014",1
"3951","2014",6
"3952","2014",8
"3953","2014",7
"3954","2014",-1
"3955","2014",-1
"3956","2014",7
"3957","2014",9
"3958","2014",-1
"3959","2014",-1
"3960","2014",-1
"3961","2014",7
"3962","2014",NA
"3963","2014",9
"3964","2014",8
"3965","2014",-1
"3966","2014",7
"3967","2014",-1
"3968","2014",4
"3969","2014",8
"3970","2014",NA
"3971","2014",3
"3972","2014",7
"3973","2014",6
"3974","2014",-1
"3975","2014",6
"3976","2014",7
"3977","2014",7
"3978","2014",7
"3979","2014",6
"3980","2014",NA
"3981","2014",6
"3982","2014",5
"3983","2014",-1
"3984","2014",10
"3985","2014",-1
"3986","2014",8
"3987","2014",4
"3988","2014",5
"3989","2014",4
"3990","2014",8
"3991","2014",7
"3992","2014",NA
"3993","2014",-1
"3994","2014",-1
"3995","2014",6
"3996","2014",7
"3997","2014",5
"3998","2014",5
"3999","2014",5
"4000","2014",7
"4001","2014",7
"4002","2014",7
"4003","2014",1
